Metric,Value
R2,0.7690551865602109
RMSE,0.38182976103211175
MAE,0.34130304319847143
