Metric,Value
R2,0.7723539986912131
RMSE,0.37909292746806267
MAE,0.3507768209817927
