Metric,Value
R2,0.7526915796931354
RMSE,0.401356539745204
MAE,0.357795193351857
