Metric,Value
R2,0.7568837767761174
RMSE,0.38424647353178776
MAE,0.329682034828922
