Metric,Value
R2,0.7619036413596971
RMSE,0.3825000134559089
MAE,0.3448204901830212
