Metric,Value
R2,0.7510018498951114
RMSE,0.38886690225131054
MAE,0.3285563701969417
