Metric,Value
R2,0.7737738973681219
RMSE,0.3706587672512074
MAE,0.3398870256311319
