Metric,Value
R2,0.7649919435716165
RMSE,0.38001124963131894
MAE,0.34710724551637917
