Metric,Value
R2,0.7428224593908808
RMSE,0.40928649201479905
MAE,0.3846600584217836
