Metric,Value
R2,0.7667796441650818
RMSE,0.3837062699515381
MAE,0.35933638976343407
