Metric,Value
R2,0.7654534920382907
RMSE,0.3796379011303944
MAE,0.3512529431764705
