Metric,Value
R2,0.7573561344205012
RMSE,0.3975534715449525
MAE,0.3628150100618477
