Metric,Value
R2,0.8434375298817363
RMSE,0.0915716115065899
MAE,0.07120693401618704
