Metric,Value
R2,0.8020060666472836
RMSE,0.091687917910183
MAE,0.075584689978479
