Metric,Value
R2,0.8124049848354096
RMSE,0.08909147652841515
MAE,0.07531119317388911
