Metric,Value
R2,0.8601052636873385
RMSE,0.08736209414634433
MAE,0.0709559059150346
