Metric,Value
R2,0.8453378709307051
RMSE,0.09185744069781358
MAE,0.07639468927449133
