Metric,Value
R2,0.8100554151597265
RMSE,0.08980481598773805
MAE,0.07379977938304538
