Metric,Value
R2,0.8348829404427749
RMSE,0.09491138740181364
MAE,0.07915699475278537
