Metric,Value
R2,0.8627969747608294
RMSE,0.08572329747432648
MAE,0.06832232704908808
