Metric,Value
R2,0.8606615536006725
RMSE,0.08638781841484316
MAE,0.06899539941005173
