Metric,Value
R2,0.813191369594481
RMSE,0.08906039914183149
MAE,0.07338061480821839
