Metric,Value
R2,0.8169901439661719
RMSE,0.08799596318174654
MAE,0.07374360753858493
