Metric,Value
R2,0.8142353521151859
RMSE,0.08865577773005895
MAE,0.07383403307091932
