Metric,Value
R2,0.844574777990246
RMSE,0.2044498807103957
MAE,0.1711163760988195
