Metric,Value
R2,0.8099300133492036
RMSE,0.20873792222126653
MAE,0.1727722244617194
