Metric,Value
R2,0.845795626320862
RMSE,0.20149519875759644
MAE,0.16347494175804259
