Metric,Value
R2,0.8177511823794866
RMSE,0.2097463619983314
MAE,0.17574936399842625
