Metric,Value
R2,0.8161556665585054
RMSE,0.21066248423210027
MAE,0.1771271095649665
