Metric,Value
R2,0.8182027648423962
RMSE,0.2094863424093657
MAE,0.1755064524222673
