Metric,Value
R2,0.8404894198218156
RMSE,0.20493262531316608
MAE,0.1710808360593624
