Metric,Value
R2,0.795306660450152
RMSE,0.2166189467360333
MAE,0.1790402348902341
