Metric,Value
R2,0.8379714337350558
RMSE,0.20654379427366834
MAE,0.172450822694525
