Metric,Value
R2,0.8495285523967285
RMSE,0.20116534336249067
MAE,0.1679329183899859
