Metric,Value
R2,0.8511602879354311
RMSE,0.20007163622440316
MAE,0.1651018821428634
