Metric,Value
R2,0.8046883927670587
RMSE,0.2115965639320911
MAE,0.1754791870078691
