Metric,Value
R2,0.7359051736495441
RMSE,0.40306608379359427
MAE,0.35605263588281577
