Metric,Value
R2,0.7567422871538381
RMSE,0.3918446000480057
MAE,0.3512764787186271
