Metric,Value
R2,0.74297523491728
RMSE,0.40915057300201285
MAE,0.3652055529368135
