Metric,Value
R2,0.7562268557336552
RMSE,0.3845069393987899
MAE,0.33721420023170723
