Metric,Value
R2,0.7844562585582397
RMSE,0.09572959461082058
MAE,0.07756058213945413
