Metric,Value
R2,0.8551326773213986
RMSE,0.08884576207711246
MAE,0.07235096947297961
