Metric,Value
R2,0.776137584478023
RMSE,0.0975029853352526
MAE,0.0803283346195212
