Metric,Value
R2,0.841126953303229
RMSE,0.09222853233463016
MAE,0.07340209228200324
