Metric,Value
R2,0.8401285921277263
RMSE,0.20730313827215618
MAE,0.1739105596155713
