Metric,Value
R2,0.788157502253402
RMSE,0.220256359709492
MAE,0.17888116276873298
