Metric,Value
R2,0.8288760251638367
RMSE,0.2123142942763243
MAE,0.17355789487557088
