Metric,Value
R2,0.8094037070679905
RMSE,0.21437034160222987
MAE,0.17925115864683144
