Metric,Value
R2,0.7241108186018861
RMSE,0.4117393867079178
MAE,0.3602344086225946
