Metric,Value
R2,0.7569261466008695
RMSE,0.3917281593859944
MAE,0.3466680226115643
