Metric,Value
R2,0.7399335413686551
RMSE,0.4115788639109905
MAE,0.36192261893891825
