Metric,Value
R2,0.7384308316921796
RMSE,0.39856228121836873
MAE,0.3423949055488335
