Metric,Value
R2,0.8662862326737617
RMSE,0.07035681275167822
MAE,0.05624326144628339
