Metric,Value
R2,0.814628157367443
RMSE,0.073601624386455
MAE,0.06011211050953327
