Metric,Value
R2,0.811314685382191
RMSE,0.07150527563327169
MAE,0.05848520055097953
