Metric,Value
R2,0.8377743415770138
RMSE,0.08126669420160568
MAE,0.06480651836405342
