Metric,Value
R2,0.8218064234999913
RMSE,0.09769291019196764
MAE,0.07758918894116401
