Metric,Value
R2,0.8457622741861309
RMSE,0.09173132263017167
MAE,0.0745195337173073
