Metric,Value
R2,0.7843031591123855
RMSE,0.09553167706036841
MAE,0.0791368059159371
