Metric,Value
R2,0.7800878502793381
RMSE,0.09662973331562437
MAE,0.07854702151184875
