Metric,Value
R2,0.8187648191188015
RMSE,0.22077371522099876
MAE,0.18255605185847648
