Metric,Value
R2,0.7410478062260057
RMSE,0.24364324852763142
MAE,0.19732724474941454
