Metric,Value
R2,0.8082147625702464
RMSE,0.2151640272292002
MAE,0.17865035320800765
