Metric,Value
R2,0.8266527171264637
RMSE,0.21363621536160585
MAE,0.1765057154206717
