Metric,Value
R2,0.8159522331863974
RMSE,0.07409812120834124
MAE,0.0601104065684682
