Metric,Value
R2,0.8717821934935996
RMSE,0.07124509614898668
MAE,0.05766394069454061
