Metric,Value
R2,0.8251985891371564
RMSE,0.06997648854835037
MAE,0.05745398857161868
