Metric,Value
R2,0.8509171087552052
RMSE,0.07601457743905952
MAE,0.061386327303140045
