Metric,Value
R2,0.7516017300940165
RMSE,0.39068736064552656
MAE,0.3521596422986888
