Metric,Value
R2,0.7687751118480871
RMSE,0.3747315066497878
MAE,0.3366461678734769
