Metric,Value
R2,0.7567425863134473
RMSE,0.3980557801060853
MAE,0.3596321909662191
