Metric,Value
R2,0.7670195257581097
RMSE,0.38350888634109087
MAE,0.34867717633641754
