Metric,Value
R2,0.8202685213556627
RMSE,0.06978805722836132
MAE,0.05715712192568385
