Metric,Value
R2,0.8728501839058663
RMSE,0.07194666857741984
MAE,0.05884344538941389
