Metric,Value
R2,0.8263351223011258
RMSE,0.07123960671934824
MAE,0.05806550265374417
