Metric,Value
R2,0.8672320713530033
RMSE,0.07010753291065767
MAE,0.056398985318837705
