Metric,Value
R2,0.8055322825815375
RMSE,0.0907087679048341
MAE,0.07636879608269963
