Metric,Value
R2,0.8533768221831151
RMSE,0.0886172642816833
MAE,0.07093131190098104
