Metric,Value
R2,0.802910475845776
RMSE,0.09147826929236177
MAE,0.07549108961221641
