Metric,Value
R2,0.8579698823212208
RMSE,0.08802632528649156
MAE,0.07116845330691393
