Metric,Value
R2,0.8118726833043975
RMSE,0.2131022365125288
MAE,0.1782926733890588
