Metric,Value
R2,0.8451480827933655
RMSE,0.20407246324666609
MAE,0.17227740036737055
