Metric,Value
R2,0.8402235108480759
RMSE,0.20510336863434353
MAE,0.16892366670215908
