Metric,Value
R2,0.8061859882724935
RMSE,0.21078377083590866
MAE,0.17531877958188777
