Metric,Value
R2,0.8815377190445532
RMSE,0.06775994231292914
MAE,0.05558539894327232
