Metric,Value
R2,0.8251610850151716
RMSE,0.07222057995368189
MAE,0.05943563382827524
