Metric,Value
R2,0.8328406919973211
RMSE,0.0684297512205696
MAE,0.056705565621041364
