Metric,Value
R2,0.8691660511549828
RMSE,0.07196826455457542
MAE,0.05870077332909137
