Metric,Value
R2,0.8178346745746166
RMSE,0.209698311781734
MAE,0.17590550916201173
