Metric,Value
R2,0.788663067006645
RMSE,0.22010620419912116
MAE,0.18066532524069204
