Metric,Value
R2,0.8409486022085125
RMSE,0.20682110702263146
MAE,0.17291399413129882
