Metric,Value
R2,0.8488889662503183
RMSE,0.19946396353746385
MAE,0.16631718531554637
