Metric,Value
R2,0.7687897420050189
RMSE,0.3747196513786771
MAE,0.3453251956438958
