Metric,Value
R2,0.7570896171569955
RMSE,0.39777174573075114
MAE,0.37116695853552395
