Metric,Value
R2,0.7637050065713981
RMSE,0.38105032642881437
MAE,0.3532684081829938
