Metric,Value
R2,0.7700675355110873
RMSE,0.3809919645707703
MAE,0.35561481557114394
