Metric,Value
R2,0.8405893826388791
RMSE,0.09240078198004502
MAE,0.07468909654286933
