Metric,Value
R2,0.806464416927318
RMSE,0.09064974392192361
MAE,0.07460467842940592
