Metric,Value
R2,0.8574566337910984
RMSE,0.088185230456235
MAE,0.07222654494363497
