Metric,Value
R2,0.8039872219193457
RMSE,0.09106839899064172
MAE,0.0757329184825062
